Workbook

Sheet Parameters
A1: a0 | B1: s | C1: b | D1: alpha | E1: beta | F1: gamma | G1: deltaC | H1: deltaR
A2: 10.9822 | B2: 0.05882 | C2: 4 | D2: 0.5 | E2: 0.1 | F2: 1 | G2: 0.0001 | H2: 0.0001

Sheet Inflow Rates
A1: K1 | B1: K2
A2: 0.97237046 | B2: 1.0276295
A3: 0.7548756 | B3: 1.2451244
A4: 0.70955401 | B4: 1.290446
A5: 0.63092218 | B5: 1.3690778
A6: 0.56398489 | B6: 1.4360151
A7: 0.75826895 | B7: 1.241731
A8: 0.90334524 | B8: 1.0966548
A9: 0.98823554 | B9: 1.0117645
A10: 1.0391233 | B10: 0.96087665
A11: 0.86107756 | B11: 1.1389224
A12: 0.7502021 | B12: 1.2497979
A13: 0.76016882 | B13: 1.2398312
... A1025: 1.0689839 | B1025: 0.93101606

Sheet Traits
A1: traits
A2: -0.21

Sheet Consumer Densities
A1: x1
A2: 1.5874264 | C2: 1.6337389 | D2: 1 | E2: =A2-C2 -> -0.046312451 | G2: =ABS('Inflow Rates'!A2-'Inflow Rates'!B2) -> 0.055259086
A3: 1.5095171 | C3: 1.6188837 | D3: 2 | E3: =A3-C3 -> -0.10936654 | G3: =ABS('Inflow Rates'!A3-'Inflow Rates'!B3) -> 0.49024879
A4: 1.4695922 | C4: 1.6116592 | D4: 3 | E4: =A4-C4 -> -0.14206697 | G4: =ABS('Inflow Rates'!A4-'Inflow Rates'!B4) -> 0.58089199
A5: 1.4097541 | C5: 1.5930973 | D5: 4 | E5: =A5-C5 -> -0.18334317 | G5: =ABS('Inflow Rates'!A5-'Inflow Rates'!B5) -> 0.73815564
A6: 1.376727 | C6: 1.5810139 | D6: 5 | E6: =A6-C6 -> -0.20428699 | G6: =ABS('Inflow Rates'!A6-'Inflow Rates'!B6) -> 0.87203023
A7: 1.4962333 | C7: 1.6272509 | D7: 6 | E7: =A7-C7 -> -0.13101765 | G7: =ABS('Inflow Rates'!A7-'Inflow Rates'!B7) -> 0.4834621
A8: 1.5720555 | C8: 1.6311808 | D8: 7 | E8: =A8-C8 -> -0.059125244 | G8: =ABS('Inflow Rates'!A8-'Inflow Rates'!B8) -> 0.19330953
A9: 1.5990038 | C9: 1.6178362 | D9: 8 | E9: =A9-C9 -> -0.018832426 | G9: =ABS('Inflow Rates'!A9-'Inflow Rates'!B9) -> 0.023528914
A10: 1.6029082 | C10: 1.6107784 | D10: 9 | E10: =A10-C10 -> -0.0078701957 | G10: =ABS('Inflow Rates'!A10-'Inflow Rates'!B10) -> 0.078246692
A11: 1.5567751 | C11: 1.6322153 | D11: 10 | E11: =A11-C11 -> -0.075440206 | G11: =ABS('Inflow Rates'!A11-'Inflow Rates'!B11) -> 0.27784488
A12: 1.5120691 | C12: 1.6342026 | D12: 11 | E12: =A12-C12 -> -0.12213354 | G12: =ABS('Inflow Rates'!A12-'Inflow Rates'!B12) -> 0.4995958
A13: 1.5121641 | C13: 1.6342774 | D13: 12 | E13: =A13-C13 -> -0.12211332 | G13: =ABS('Inflow Rates'!A13-'Inflow Rates'!B13) -> 0.47966235
... A1025: 1.6082745 | C1025: 1.6301706 | D1025: 1024 | E1025: =A1025-C1025 -> -0.021896102 | G1025: =ABS('Inflow Rates'!A1025-'Inflow Rates'!B1025) -> 0.13796788
A1027: =SUM(A2:A1025) -> 1571.0657

Sheet Resource Densities
A1: R1 | B1: R2
A2: 0.13483027 | B2: 0.2777433
A3: 0.089650646 | B3: 0.40083223
A4: 0.08172182 | B4: 0.44868599
A5: 0.069656576 | B5: 0.52058929
A6: 0.059822223 | B6: 0.56345082
A7: 0.090316892 | B7: 0.41344984
A8: 0.11953629 | B8: 0.30840816
A9: 0.14063555 | B9: 0.2603607
A10: 0.15164356 | B10: 0.24544824
A11: 0.1103559 | B11: 0.332869
A12: 0.088598063 | B12: 0.39933287
A13: 0.090719081 | B13: 0.39711686
... A1025: 0.15974475 | B1025: 0.23198077
